date,NO2S,BaselineNO2S
1/1/15,6.01,6.511
1/2/15,6.163,6.531
1/3/15,6.051,6.524
1/4/15,5.897,6.394
1/5/15,5.707,6.555
1/6/15,5.837,6.309
1/7/15,6.213,6.626
1/8/15,6.88,6.661
1/9/15,7.285,6.692
1/10/15,7.027,6.817
1/11/15,6.995,6.945
1/12/15,6.843,7.037
1/13/15,6.88,6.745
1/14/15,6.876,6.72
1/15/15,7.63,6.817
1/16/15,8.489,6.93
1/17/15,9.172,7.253
1/18/15,9.432,7.244
1/19/15,9.961,7.207
1/20/15,9.88,7.093
1/21/15,10.229,7.19
1/22/15,9.74,6.814
1/23/15,9.423,6.674
1/24/15,8.676,6.705
1/25/15,8.501,6.708
1/26/15,8.168,6.518
1/27/15,8.482,6.66
1/28/15,8.6,6.721
1/29/15,8.224,6.724
1/30/15,7.885,6.64
1/31/15,8.283,6.897
2/1/15,7.438,6.594
2/2/15,6.277,6.476
2/3/15,6.318,6.514
2/4/15,6.116,6.468
2/5/15,5.809,6.328
2/6/15,5.807,6.387
2/7/15,5.752,6.422
2/8/15,6.031,6.402
2/9/15,5.97,6.274
2/10/15,6.154,6.371
2/11/15,5.488,6.076
2/12/15,5.46,6.016
2/13/15,5.647,6.037
2/14/15,5.476,5.927
2/15/15,4.389,5.708
2/16/15,4.275,5.566
2/17/15,4.202,5.631
2/18/15,4.382,5.539
2/19/15,4.39,5.485
2/20/15,4.617,5.634
2/21/15,5.249,5.97
2/22/15,5.27,5.889
2/23/15,5.344,5.686
2/24/15,5.479,5.647
2/25/15,5.015,5.552
2/26/15,4.956,5.443
2/27/15,4.806,5.37
2/28/15,4.794,5.166
3/1/15,4.841,4.86
3/2/15,4.832,4.652
3/3/15,5.05,4.728
3/4/15,4.689,4.703
3/5/15,4.464,4.615
3/6/15,4.097,4.547
3/7/15,4.182,4.562
3/8/15,3.643,4.118
3/9/15,3.841,4.175
3/10/15,3.645,4.228
3/11/15,3.645,4.045
3/12/15,3.723,4.01
3/13/15,3.764,4.023
3/14/15,3.867,4.075
3/15/15,3.788,4.033
3/16/15,3.828,4.103
3/17/15,3.781,4.221
3/18/15,4.168,4.216
3/19/15,4.551,4.165
3/20/15,4.339,4.283
3/21/15,5.015,4.288
3/22/15,4.772,4.215
3/23/15,4.698,4.201
3/24/15,4.435,4.076
3/25/15,4.431,3.981
3/26/15,4.432,4.141
3/27/15,4.218,4.076
3/28/15,4.218,4.167
3/29/15,4.041,4.129
3/30/15,4.011,4.3
3/31/15,4.066,4.442
4/1/15,4.392,4.529
4/2/15,4.485,4.674
4/3/15,4.476,4.749
4/4/15,4.637,4.841
4/5/15,4.608,4.844
4/6/15,4.676,4.857
4/7/15,4.722,4.924
4/8/15,4.742,5.046
4/9/15,4.774,5.267
4/10/15,4.766,5.304
4/11/15,4.997,5.442
4/12/15,4.794,5.332
4/13/15,5.314,5.385
4/14/15,5.133,5.314
4/15/15,5.083,5.164
4/16/15,4.686,5.093
4/17/15,4.158,4.967
4/18/15,4.075,4.88
4/19/15,4.115,4.846
4/20/15,4.139,4.907
4/21/15,4.541,5.044
4/22/15,4.505,5.169
4/23/15,4.578,5.12
4/24/15,4.605,5.118
4/25/15,4.675,5.19
4/26/15,4.726,5.323
4/27/15,4.886,5.357
4/28/15,4.878,5.378
4/29/15,5.028,5.378
4/30/15,5.06,5.48
5/1/15,5.053,5.561
5/2/15,5.177,5.578
5/3/15,5.362,5.733
5/4/15,5.541,5.627
5/5/15,5.558,5.58
5/6/15,5.42,5.479
5/7/15,5.355,5.401
5/8/15,5.516,5.349
5/9/15,5.17,5.286
5/10/15,5.127,5.137
5/11/15,5.378,4.906
5/12/15,5.376,5.061
5/13/15,5.688,5.204
5/14/15,6.024,5.24
5/15/15,6.045,5.215
5/16/15,5.94,5.179
5/17/15,5.877,5.243
5/18/15,5.876,5.165
5/19/15,5.754,5.17
5/20/15,5.802,5.263
5/21/15,5.726,5.234
5/22/15,5.83,5.318
5/23/15,5.871,5.378
5/24/15,6.256,5.31
5/25/15,6.24,5.319
5/26/15,6.123,5.379
5/27/15,6.068,5.238
5/28/15,5.738,5.098
5/29/15,5.498,5.124
5/30/15,5.406,5.143
5/31/15,5.486,5.17
6/1/15,5.07,5.033
6/2/15,5.039,4.976
6/3/15,5.029,5.06
6/4/15,4.934,4.954
6/5/15,4.906,4.922
6/6/15,4.834,4.832
6/7/15,4.607,4.809
6/8/15,4.605,4.933
6/9/15,4.36,4.829
6/10/15,4.295,4.816
6/11/15,4.334,4.813
6/12/15,4.5,4.757
6/13/15,4.416,4.655
6/14/15,4.413,4.59
6/15/15,4.351,4.512
6/16/15,4.645,4.529
6/17/15,4.463,4.6
6/18/15,4.397,4.554
6/19/15,4.392,4.544
6/20/15,4.429,4.602
6/21/15,4.526,4.574
6/22/15,4.548,4.572
6/23/15,4.539,4.554
6/24/15,4.399,4.624
6/25/15,4.376,4.68
6/26/15,4.423,4.736
6/27/15,4.351,4.784
6/28/15,4.35,4.848
6/29/15,4.329,4.956
6/30/15,4.371,5.023
7/1/15,4.291,5.012
7/2/15,4.455,4.976
7/3/15,4.26,4.976
7/4/15,4.248,4.948
7/5/15,4.254,4.922
7/6/15,4.32,4.91
7/7/15,4.444,4.92
7/8/15,4.524,4.874
7/9/15,4.678,4.902
7/10/15,4.6,4.874
7/11/15,4.505,4.834
7/12/15,4.52,4.874
7/13/15,4.585,5.041
7/14/15,4.853,4.976
7/15/15,5.094,5.086
7/16/15,5.251,5.149
7/17/15,5.246,5.204
7/18/15,5.624,5.229
7/19/15,5.803,5.291
7/20/15,5.923,5.275
7/21/15,5.888,5.438
7/22/15,5.97,5.508
7/23/15,6.302,5.656
7/24/15,6.264,5.661
7/25/15,6.693,5.718
7/26/15,6.736,5.829
7/27/15,7.11,5.898
7/28/15,6.896,5.82
7/29/15,6.847,5.945
7/30/15,6.87,5.94
7/31/15,6.872,6.057
8/1/15,7.053,6.116
8/2/15,6.83,6.121
8/3/15,6.949,6.099
8/4/15,6.409,6.138
8/5/15,6.304,6.03
8/6/15,6.147,5.998
8/7/15,5.886,5.945
8/8/15,6.005,5.986
8/9/15,6.144,5.956
8/10/15,5.991,5.87
8/11/15,5.907,5.83
8/12/15,5.973,5.798
8/13/15,6.095,5.776
8/14/15,6.046,5.83
8/15/15,6.007,5.682
8/16/15,5.924,5.65
8/17/15,6.216,5.658
8/18/15,6.131,5.743
8/19/15,6.522,5.875
8/20/15,6.297,5.929
8/21/15,6.261,5.892
8/22/15,6.245,5.928
8/23/15,6.199,5.972
8/24/15,6.308,6.148
8/25/15,6.174,6.195
8/26/15,6.319,6.201
8/27/15,6.079,6.19
8/28/15,5.837,6.061
8/29/15,5.196,5.877
8/30/15,5.175,5.839
8/31/15,5.245,5.832
9/1/15,5.092,5.749
9/2/15,5.137,5.691
9/3/15,5.134,5.594
9/4/15,5.261,5.689
9/5/15,5.279,5.769
9/6/15,5.373,5.642
9/7/15,5.424,5.676
9/8/15,5.213,5.595
9/9/15,5.297,5.582
9/10/15,5.305,5.624
9/11/15,5.386,5.624
9/12/15,5.268,5.641
9/13/15,5.737,5.654
9/14/15,5.935,5.754
9/15/15,6.183,5.827
9/16/15,6.218,5.97
9/17/15,6.071,5.883
9/18/15,6.154,5.867
9/19/15,5.969,5.784
9/20/15,6.13,5.804
9/21/15,5.815,5.854
9/22/15,5.599,5.683
9/23/15,5.521,5.566
9/24/15,5.405,5.412
9/25/15,5.404,5.445
9/26/15,5.34,5.311
9/27/15,5.509,5.316
9/28/15,5.184,5.305
9/29/15,4.773,5.199
9/30/15,3.968,5.042
10/1/15,4.205,4.99
10/2/15,4.23,4.968
10/3/15,4.23,5.104
10/4/15,4.27,5.077
10/5/15,4.197,4.849
10/6/15,4.013,4.78
10/7/15,4.361,4.813
10/8/15,4.351,4.796
10/9/15,4.452,4.917
10/10/15,4.518,4.729
10/11/15,4.512,4.826
10/12/15,4.995,4.894
10/13/15,5.252,4.981
10/14/15,5.273,5.02
10/15/15,5.781,5.04
10/16/15,5.232,4.97
10/17/15,5.15,4.993
10/18/15,5.215,4.892
10/19/15,5.491,4.851
10/20/15,5.676,4.972
10/21/15,5.676,5.03
10/22/15,5.741,4.968
10/23/15,5.259,4.847
10/24/15,5.196,4.767
10/25/15,5.161,4.725
10/26/15,5.116,4.668
10/27/15,4.436,4.554
10/28/15,4.442,4.428
10/29/15,4.132,4.369
10/30/15,4.125,4.4
10/31/15,4.329,4.523
11/1/15,4.122,4.426
11/2/15,4.232,4.429
11/3/15,3.412,4.282
11/4/15,3.732,4.266
11/5/15,3.732,4.231
11/6/15,3.73,4.207
11/7/15,4.167,4.343
11/8/15,4.132,4.266
11/9/15,4.268,4.374
11/10/15,4.269,4.388
11/11/15,4.373,4.465
11/12/15,4.362,4.519
11/13/15,4.365,4.485
11/14/15,4.371,4.497
11/15/15,4.452,4.546
11/16/15,4.669,4.589
11/17/15,4.622,4.558
11/18/15,4.876,4.66
11/19/15,4.797,4.715
11/20/15,5.119,4.849
11/21/15,5.287,4.906
11/22/15,5.248,4.826
11/23/15,5.702,4.986
11/24/15,5.235,5.106
11/25/15,5.229,5.184
11/26/15,5.209,5.1
11/27/15,5.278,5.155
11/28/15,5.372,5.362
11/29/15,5.315,5.527
11/30/15,5.488,5.572
12/1/15,5.671,5.63
12/2/15,5.727,5.667
12/3/15,5.854,5.735
12/4/15,6.523,5.954
12/5/15,6.355,6.077
12/6/15,6.703,6.368
12/7/15,6.887,6.696
12/8/15,6.804,6.705
12/9/15,7.569,6.692
12/10/15,7.484,6.695
12/11/15,7.427,6.797
12/12/15,7.439,7.088
12/13/15,7.439,7.145
12/14/15,7.516,7.245
12/15/15,7.683,7.41
12/16/15,8.078,7.455
12/17/15,8.078,7.663
12/18/15,8.478,7.548
12/19/15,7.148,7.425
12/20/15,7.351,7.393
12/21/15,6.992,7.168
12/22/15,7.41,7.131
12/23/15,7.566,7.192
12/24/15,7.408,7.376
12/25/15,7.585,7.458
12/26/15,6.541,7.365
12/27/15,6.427,7.162
12/28/15,6.427,7.117
12/29/15,7.264,7.105
12/30/15,7.005,6.721
12/31/15,7.405,6.851
1/1/16,7.405,6.511
1/2/16,6.846,6.531
1/3/16,7.045,6.524
1/4/16,6.795,6.394
1/5/16,7.049,6.555
1/6/16,6.697,6.309
1/7/16,6.588,6.626
1/8/16,6.634,6.661
1/9/16,6.608,6.692
1/10/16,7.461,6.817
1/11/16,7.691,6.945
1/12/16,7.655,7.037
1/13/16,6.815,6.745
1/14/16,6.929,6.72
1/15/16,6.603,6.817
1/16/16,6.603,6.93
1/17/16,7.101,7.253
1/18/16,6.646,7.244
1/19/16,6.628,7.207
1/20/16,6.255,7.093
1/21/16,6.173,7.19
1/22/16,6.273,6.814
1/23/16,6.366,6.674
1/24/16,6.369,6.705
1/25/16,6.501,6.708
1/26/16,5.972,6.518
1/27/16,6.634,6.66
1/28/16,6.795,6.721
1/29/16,6.577,6.724
1/30/16,6.796,6.64
1/31/16,6.796,6.897
2/1/16,6.399,6.594
2/2/16,7.014,6.476
2/3/16,6.637,6.514
2/4/16,6.668,6.468
2/5/16,6.274,6.328
2/6/16,6.167,6.387
2/7/16,6.073,6.422
2/8/16,6.068,6.402
2/9/16,5.912,6.274
2/10/16,6.043,6.371
2/11/16,5.482,6.076
2/12/16,5.56,6.016
2/13/16,5.504,6.037
2/14/16,5.309,5.927
2/15/16,5.447,5.708
2/16/16,5.622,5.566
2/17/16,5.594,5.631
2/18/16,5.559,5.539
2/19/16,5.58,5.485
2/20/16,5.796,5.634
2/21/16,5.805,5.97
2/22/16,5.754,5.889
2/23/16,5.733,5.686
2/24/16,5.714,5.647
2/25/16,5.546,5.552
2/26/16,5.232,5.443
2/27/16,5.133,5.37
2/28/16,4.855,5.166
2/29/16,4.748,4.86
3/1/16,4.507,4.652
3/2/16,4.587,4.728
3/3/16,4.521,4.703
3/4/16,4.428,4.615
3/5/16,3.987,4.547
3/6/16,4.098,4.562
3/7/16,4.082,4.118
3/8/16,3.98,4.175
3/9/16,4.352,4.228
3/10/16,4.201,4.045
3/11/16,4.37,4.01
3/12/16,4.731,4.023
3/13/16,4.457,4.075
3/14/16,4.856,4.033
3/15/16,4.547,4.103
3/16/16,4.458,4.221
3/17/16,4.392,4.216
3/18/16,4.521,4.165
3/19/16,4.634,4.283
3/20/16,4.634,4.288
3/21/16,4.578,4.215
3/22/16,4.067,4.201
3/23/16,4.067,4.076
3/24/16,3.749,3.981
3/25/16,3.738,4.141
3/26/16,3.904,4.076
3/27/16,4.425,4.167
3/28/16,4.799,4.129
3/29/16,4.956,4.3
3/30/16,5.283,4.442
3/31/16,5.263,4.529
4/1/16,5.359,4.674
4/2/16,5.328,4.749
4/3/16,5.674,4.841
4/4/16,5.646,4.844
4/5/16,5.638,4.857
4/6/16,6.494,4.924
4/7/16,6.599,5.046
4/8/16,6.677,5.267
4/9/16,6.612,5.304
4/10/16,6.435,5.442
4/11/16,6.486,5.332
4/12/16,6.472,5.385
4/13/16,6.741,5.314
4/14/16,6.824,5.164
4/15/16,7.311,5.093
4/16/16,7.018,4.967
4/17/16,6.923,4.88
4/18/16,6.944,4.846
4/19/16,6.974,4.907
4/20/16,7.071,5.044
4/21/16,7.233,5.169
4/22/16,7.234,5.12
4/23/16,7.221,5.118
4/24/16,7.629,5.19
4/25/16,7.429,5.323
4/26/16,7.054,5.357
4/27/16,6.9,5.378
4/28/16,6.557,5.378
4/29/16,6.359,5.48
4/30/16,6.361,5.561
5/1/16,6.553,5.578
5/2/16,6.635,5.733
5/3/16,6.319,5.627
5/4/16,6.321,5.58
5/5/16,6.136,5.479
5/6/16,5.584,5.401
5/7/16,5.473,5.349
5/8/16,5.485,5.286
5/9/16,5.176,5.137
5/10/16,5.042,4.906
5/11/16,5.507,5.061
5/12/16,5.889,5.204
5/13/16,5.817,5.24
5/14/16,5.738,5.215
5/15/16,5.7,5.179
5/16/16,5.916,5.243
5/17/16,5.924,5.165
5/18/16,5.594,5.17
5/19/16,5.535,5.263
5/20/16,5.678,5.234
5/21/16,5.805,5.318
5/22/16,5.837,5.378
5/23/16,5.837,5.31
5/24/16,6.192,5.319
5/25/16,6.192,5.379
5/26/16,5.952,5.238
5/27/16,5.548,5.098
5/28/16,5.674,5.124
5/29/16,5.907,5.143
5/30/16,5.944,5.17
5/31/16,5.519,5.033
6/1/16,5.519,4.976
6/2/16,6.447,5.06
6/3/16,6.454,4.954
6/4/16,5.965,4.922
6/5/16,5.652,4.832
6/6/16,5.887,4.809
6/7/16,5.726,4.933
6/8/16,5.446,4.829
6/9/16,5.446,4.816
6/10/16,4.739,4.813
6/11/16,4.739,4.757
6/12/16,4.927,4.655
6/13/16,4.916,4.59
6/14/16,4.969,4.512
6/15/16,5.028,4.529
6/16/16,5.245,4.6
6/17/16,5.267,4.554
6/18/16,5.122,4.544
6/19/16,5.25,4.602
6/20/16,5.179,4.574
6/21/16,5.212,4.572
6/22/16,5.389,4.554
6/23/16,5.569,4.624
6/24/16,5.504,4.68
6/25/16,5.885,4.736
6/26/16,5.486,4.784
6/27/16,5.495,4.848
6/28/16,5.461,4.956
6/29/16,5.384,5.023
6/30/16,5.395,5.012
7/1/16,5.264,4.976
7/2/16,5.258,4.976
7/3/16,5.142,4.948
7/4/16,5.012,4.922
7/5/16,4.908,4.91
7/6/16,4.864,4.92
7/7/16,4.653,4.874
7/8/16,4.534,4.902
7/9/16,4.586,4.874
7/10/16,4.67,4.834
7/11/16,4.932,4.874
7/12/16,5.464,5.041
7/13/16,5.542,4.976
7/14/16,5.805,5.086
7/15/16,5.773,5.149
7/16/16,5.628,5.204
7/17/16,5.643,5.229
7/18/16,5.772,5.291
7/19/16,5.684,5.275
7/20/16,6.023,5.438
7/21/16,6.043,5.508
7/22/16,6.037,5.656
7/23/16,6.121,5.661
7/24/16,6.236,5.718
7/25/16,6.373,5.829
7/26/16,6.26,5.898
7/27/16,5.919,5.82
7/28/16,6.016,5.945
7/29/16,5.91,5.94
7/30/16,5.867,6.057
7/31/16,6.016,6.116
8/1/16,6.043,6.121
8/2/16,6.087,6.099
8/3/16,6.285,6.138
8/4/16,6.35,6.03
8/5/16,6.446,5.998
8/6/16,6.427,5.945
8/7/16,6.402,5.986
8/8/16,6.338,5.956
8/9/16,6.162,5.87
8/10/16,6.216,5.83
8/11/16,6.262,5.798
8/12/16,6.211,5.776
8/13/16,6.265,5.83
8/14/16,6.423,5.682
8/15/16,6.353,5.65
8/16/16,6.179,5.658
8/17/16,6.384,5.743
8/18/16,6.477,5.875
8/19/16,6.41,5.929
8/20/16,6.273,5.892
8/21/16,6.289,5.928
8/22/16,6.203,5.972
8/23/16,6.251,6.148
8/24/16,6.429,6.195
8/25/16,6.502,6.201
8/26/16,6.484,6.19
8/27/16,6.476,6.061
8/28/16,6.465,5.877
8/29/16,5.966,5.839
8/30/16,5.959,5.832
8/31/16,5.671,5.749
9/1/16,5.331,5.691
9/2/16,5.268,5.594
9/3/16,5.504,5.689
9/4/16,5.61,5.769
9/5/16,5.512,5.642
9/6/16,5.428,5.676
9/7/16,5.481,5.595
9/8/16,5.365,5.582
9/9/16,5.365,5.624
9/10/16,5.464,5.624
9/11/16,5.393,5.641
9/12/16,5.337,5.654
9/13/16,5.749,5.754
9/14/16,5.506,5.827
9/15/16,5.961,5.97
9/16/16,5.633,5.883
9/17/16,5.362,5.867
9/18/16,5.062,5.784
9/19/16,5.03,5.804
9/20/16,5.103,5.854
9/21/16,5.067,5.683
9/22/16,4.772,5.566
9/23/16,4.36,5.412
9/24/16,4.297,5.445
9/25/16,4.047,5.311
9/26/16,4.227,5.316
9/27/16,4.195,5.305
9/28/16,4.39,5.199
9/29/16,4.37,5.042
9/30/16,4.328,4.99
10/1/16,4.495,4.968
10/2/16,5.037,5.104
10/3/16,5.285,5.077
10/4/16,5.29,4.849
10/5/16,5.247,4.78
10/6/16,5.299,4.813
10/7/16,5.154,4.796
10/8/16,5.642,4.917
10/9/16,5.457,4.729
10/10/16,5.497,4.826
10/11/16,5.401,4.894
10/12/16,5.478,4.981
10/13/16,5.373,5.02
10/14/16,5.174,5.04
10/15/16,5.438,4.97
10/16/16,5.254,4.993
10/17/16,4.827,4.892
10/18/16,4.429,4.851
10/19/16,4.44,4.972
10/20/16,4.422,5.03
10/21/16,4.448,4.968
10/22/16,4.533,4.847
10/23/16,4.495,4.767
10/24/16,4.544,4.725
10/25/16,4.221,4.668
10/26/16,4.2,4.554
10/27/16,3.952,4.428
10/28/16,4.017,4.369
10/29/16,4.136,4.4
10/30/16,4.225,4.523
10/31/16,4.114,4.426
11/1/16,4.171,4.429
11/2/16,4.122,4.282
11/3/16,3.72,4.266
11/4/16,3.713,4.231
11/5/16,3.656,4.207
11/6/16,3.885,4.343
11/7/16,3.856,4.266
11/8/16,3.971,4.374
11/9/16,4.181,4.388
11/10/16,4.326,4.465
11/11/16,4.409,4.519
11/12/16,4.376,4.485
11/13/16,4.329,4.497
11/14/16,4.25,4.546
11/15/16,4.28,4.589
11/16/16,4.255,4.558
11/17/16,4.299,4.66
11/18/16,4.769,4.715
11/19/16,5.05,4.849
11/20/16,5.043,4.906
11/21/16,4.898,4.826
11/22/16,5.001,4.986
11/23/16,5.019,5.106
11/24/16,5.019,5.184
11/25/16,5.138,5.1
11/26/16,4.599,5.155
11/27/16,4.515,5.362
11/28/16,4.627,5.527
11/29/16,5.397,5.572
11/30/16,5.433,5.63
12/1/16,5.57,5.667
12/2/16,5.712,5.735
12/3/16,5.476,5.954
12/4/16,5.394,6.077
12/5/16,6.509,6.368
12/6/16,6.944,6.696
12/7/16,7.045,6.705
12/8/16,6.784,6.692
12/9/16,6.784,6.695
12/10/16,6.734,6.797
12/11/16,7.384,7.088
12/12/16,7.307,7.145
12/13/16,7.381,7.245
12/14/16,7.131,7.41
12/15/16,7.113,7.455
12/16/16,7.182,7.663
12/17/16,7.159,7.548
12/18/16,7.901,7.425
12/19/16,7.901,7.393
12/20/16,7.036,7.168
12/21/16,5.874,7.131
12/22/16,6.242,7.192
12/23/16,6.656,7.376
12/24/16,6.78,7.458
12/25/16,6.883,7.365
12/26/16,6.979,7.162
12/27/16,7.271,7.117
12/28/16,6.526,7.105
12/29/16,6.323,6.721
12/30/16,6.385,6.851
12/31/16,7.322,6.851
1/1/17,7.36,6.511
1/2/17,7.308,6.531
1/3/17,7.308,6.524
1/4/17,7.309,6.394
1/5/17,7.557,6.555
1/6/17,6.551,6.309
1/7/17,6.499,6.626
1/8/17,6.408,6.661
1/9/17,6.628,6.692
1/10/17,6.532,6.817
1/11/17,6.545,6.945
1/12/17,6.824,7.037
1/13/17,6.487,6.745
1/14/17,6.374,6.72
1/15/17,5.379,6.817
1/16/17,5.483,6.93
1/17/17,5.264,7.253
1/18/17,5.364,7.244
1/19/17,5.252,7.207
1/20/17,5.241,7.093
1/21/17,5.854,7.19
1/22/17,5.648,6.814
1/23/17,5.9,6.674
1/24/17,5.461,6.705
1/25/17,5.519,6.708
1/26/17,5.464,6.518
1/27/17,5.436,6.66
1/28/17,5.848,6.721
1/29/17,6.153,6.724
1/30/17,6.193,6.64
1/31/17,6.183,6.897
2/1/17,6.655,6.594
2/2/17,6.734,6.476
2/3/17,6.501,6.514
2/4/17,6.512,6.468
2/5/17,6.474,6.328
2/6/17,6.918,6.387
2/7/17,6.849,6.422
2/8/17,6.849,6.402
2/9/17,6.893,6.274
2/10/17,6.893,6.371
2/11/17,7.156,6.076
2/12/17,6.911,6.016
2/13/17,6.856,6.037
2/14/17,6.722,5.927
2/15/17,6.834,5.708
2/16/17,6.375,5.566
2/17/17,6.311,5.631
2/18/17,6.522,5.539
2/19/17,6.259,5.485
2/20/17,6.288,5.634
2/21/17,6.752,5.97
2/22/17,6.669,5.889
2/23/17,5.829,5.686
2/24/17,5.651,5.647
2/25/17,5.651,5.552
2/26/17,5.735,5.443
2/27/17,5.768,5.37
2/28/17,5.619,5.166
3/1/17,5.398,4.86
3/2/17,4.67,4.652
3/3/17,4.62,4.728
3/4/17,4.547,4.703
3/5/17,4.553,4.615
3/6/17,4.583,4.547
3/7/17,4.583,4.562
3/8/17,3.516,4.118
3/9/17,3.516,4.175
3/10/17,3.714,4.228
3/11/17,3.137,4.045
3/12/17,3.125,4.01
3/13/17,2.69,4.023
3/14/17,3.143,4.075
3/15/17,2.999,4.033
3/16/17,2.969,4.103
3/17/17,3.203,4.221
3/18/17,3.126,4.216
3/19/17,3.059,4.165
3/20/17,2.787,4.283
3/21/17,2.787,4.288
3/22/17,3.172,4.215
3/23/17,3.513,4.201
3/24/17,3.513,4.076
3/25/17,3.664,3.981
3/26/17,4.482,4.141
3/27/17,3.979,4.076
3/28/17,3.875,4.167
3/29/17,3.672,4.129
3/30/17,3.922,4.3
3/31/17,3.949,4.442
4/1/17,3.856,4.529
4/2/17,3.951,4.674
4/3/17,4.318,4.749
4/4/17,4.348,4.841
4/5/17,4.506,4.844
4/6/17,4.615,4.857
4/7/17,4.526,4.924
4/8/17,4.526,5.046
4/9/17,4.656,5.267
4/10/17,4.656,5.304
4/11/17,5.365,5.442
4/12/17,5.235,5.332
4/13/17,5.123,5.385
4/14/17,4.799,5.314
4/15/17,4.651,5.164
4/16/17,4.967,5.093
4/17/17,5.113,4.967
4/18/17,4.806,4.88
4/19/17,4.682,4.846
4/20/17,4.495,4.907
4/21/17,4.197,5.044
4/22/17,4.367,5.169
4/23/17,4.367,5.12
4/24/17,4.533,5.118
4/25/17,4.533,5.19
4/26/17,4.926,5.323
4/27/17,5.177,5.357
4/28/17,5.301,5.378
4/29/17,5.177,5.378
4/30/17,5.416,5.48
5/1/17,5.504,5.561
5/2/17,5.341,5.578
5/3/17,5.24,5.733
5/4/17,5.443,5.627
5/5/17,5.281,5.58
5/6/17,5.326,5.479
5/7/17,5.343,5.401
5/8/17,5.433,5.349
5/9/17,5.38,5.286
5/10/17,5.41,5.137
5/11/17,5.142,4.906
5/12/17,5.414,5.061
5/13/17,5.414,5.204
5/14/17,5.255,5.24
5/15/17,5.156,5.215
5/16/17,5.14,5.179
5/17/17,5.125,5.243
5/18/17,5.136,5.165
5/19/17,4.996,5.17
5/20/17,5.069,5.263
5/21/17,4.663,5.234
5/22/17,4.591,5.318
5/23/17,4.474,5.378
5/24/17,4.306,5.31
5/25/17,4.173,5.319
5/26/17,4.114,5.379
5/27/17,3.629,5.238
5/28/17,3.837,5.098
5/29/17,3.88,5.124
5/30/17,4.156,5.143
5/31/17,4.114,5.17
6/1/17,4.153,5.033
6/2/17,4.135,4.976
6/3/17,4.183,5.06
6/4/17,4.22,4.954
6/5/17,4.479,4.922
6/6/17,4.67,4.832
6/7/17,4.819,4.809
6/8/17,5.026,4.933
6/9/17,5.08,4.829
6/10/17,5.253,4.816
6/11/17,5.343,4.813
6/12/17,5.445,4.757
6/13/17,5.116,4.655
6/14/17,5.083,4.59
6/15/17,4.786,4.512
6/16/17,4.725,4.529
6/17/17,4.824,4.6
6/18/17,4.815,4.554
6/19/17,4.837,4.544
6/20/17,4.83,4.602
6/21/17,4.67,4.574
6/22/17,4.443,4.572
6/23/17,4.332,4.554
6/24/17,4.331,4.624
6/25/17,4.519,4.68
6/26/17,4.517,4.736
6/27/17,4.647,4.784
6/28/17,4.898,4.848
6/29/17,5.263,4.956
6/30/17,5.591,5.023
7/1/17,5.35,5.012
7/2/17,5.256,4.976
7/3/17,5.426,4.976
7/4/17,5.36,4.948
7/5/17,5.411,4.922
7/6/17,5.266,4.91
7/7/17,5.498,4.92
7/8/17,5.376,4.874
7/9/17,5.41,4.902
7/10/17,5.28,4.874
7/11/17,5.277,4.834
7/12/17,5.366,4.874
7/13/17,5.514,5.041
7/14/17,5.222,4.976
7/15/17,5.335,5.086
7/16/17,5.652,5.149
7/17/17,5.763,5.204
7/18/17,5.685,5.229
7/19/17,5.763,5.291
7/20/17,5.751,5.275
7/21/17,5.922,5.438
7/22/17,5.884,5.508
7/23/17,6.16,5.656
7/24/17,5.862,5.661
7/25/17,5.779,5.718
7/26/17,5.704,5.829
7/27/17,5.835,5.898
7/28/17,5.788,5.82
7/29/17,5.85,5.945
7/30/17,5.837,5.94
7/31/17,6.46,6.057
8/1/17,6.636,6.116
8/2/17,6.523,6.121
8/3/17,6.539,6.099
8/4/17,6.563,6.138
8/5/17,6.56,6.03
8/6/17,6.657,5.998
8/7/17,6.639,5.945
8/8/17,7.113,5.986
8/9/17,6.722,5.956
8/10/17,6.672,5.87
8/11/17,6.438,5.83
8/12/17,6.302,5.798
8/13/17,6.207,5.776
8/14/17,6.3,5.83
8/15/17,5.668,5.682
8/16/17,5.575,5.65
8/17/17,5.561,5.658
8/18/17,5.401,5.743
8/19/17,5.379,5.875
8/20/17,5.426,5.929
8/21/17,5.503,5.892
8/22/17,5.43,5.928
8/23/17,5.592,5.972
8/24/17,5.85,6.148
8/25/17,5.968,6.195
8/26/17,5.964,6.201
8/27/17,6.027,6.19
8/28/17,6.085,6.061
8/29/17,6.049,5.877
8/30/17,6.105,5.839
8/31/17,6.315,5.832
9/1/17,6.107,5.749
9/2/17,6.4,5.691
9/3/17,6.168,5.594
9/4/17,6.127,5.689
9/5/17,6.381,5.769
9/6/17,6.337,5.642
9/7/17,6.232,5.676
9/8/17,6.209,5.595
9/9/17,6.149,5.582
9/10/17,6.047,5.624
9/11/17,6.008,5.624
9/12/17,6,5.641
9/13/17,5.96,5.654
9/14/17,5.887,5.754
9/15/17,5.894,5.827
9/16/17,6.075,5.97
9/17/17,6.082,5.883
9/18/17,6.356,5.867
9/19/17,6.255,5.784
9/20/17,5.993,5.804
9/21/17,6.018,5.854
9/22/17,5.925,5.683
9/23/17,5.924,5.566
9/24/17,5.926,5.412
9/25/17,5.981,5.445
9/26/17,5.273,5.311
9/27/17,5.212,5.316
9/28/17,5.109,5.305
9/29/17,5.065,5.199
9/30/17,4.986,5.042
10/1/17,5.023,4.99
10/2/17,4.741,4.968
10/3/17,5.033,5.104
10/4/17,4.794,5.077
10/5/17,4.295,4.849
10/6/17,4.289,4.78
10/7/17,4.258,4.813
10/8/17,4.606,4.796
10/9/17,4.477,4.917
10/10/17,4.32,4.729
10/11/17,4.811,4.826
10/12/17,4.513,4.894
10/13/17,4.576,4.981
10/14/17,4.587,5.02
10/15/17,4.715,5.04
10/16/17,4.651,4.97
10/17/17,4.794,4.993
10/18/17,4.442,4.892
10/19/17,4.536,4.851
10/20/17,4.889,4.972
10/21/17,4.942,5.03
10/22/17,5.022,4.968
10/23/17,4.706,4.847
10/24/17,4.685,4.767
10/25/17,4.882,4.725
10/26/17,4.942,4.668
10/27/17,5.42,4.554
10/28/17,5.113,4.428
10/29/17,5.078,4.369
10/30/17,4.951,4.4
10/31/17,5.166,4.523
11/1/17,5.029,4.426
11/2/17,5.166,4.429
11/3/17,5.255,4.282
11/4/17,5.129,4.266
11/5/17,5.215,4.231
11/6/17,4.363,4.207
11/7/17,4.317,4.343
11/8/17,4.318,4.266
11/9/17,4.41,4.374
11/10/17,4.246,4.388
11/11/17,4.367,4.465
11/12/17,4.595,4.519
11/13/17,4.394,4.485
11/14/17,4.394,4.497
11/15/17,4.04,4.546
11/16/17,3.951,4.589
11/17/17,3.626,4.558
11/18/17,3.841,4.66
11/19/17,3.843,4.715
11/20/17,3.843,4.849
11/21/17,4.288,4.906
11/22/17,4.325,4.826
11/23/17,4.417,4.986
11/24/17,4.307,5.106
11/25/17,4.32,5.184
11/26/17,4.167,5.1
11/27/17,4.552,5.155
11/28/17,4.828,5.362
11/29/17,5.635,5.527
11/30/17,5.602,5.572
12/1/17,5.818,5.63
12/2/17,5.718,5.667
12/3/17,5.753,5.735
12/4/17,5.721,5.954
12/5/17,5.721,6.077
12/6/17,5.85,6.368
12/7/17,6.315,6.696
12/8/17,6.284,6.705
12/9/17,6.424,6.692
12/10/17,6.619,6.695
12/11/17,6.611,6.797
12/12/17,6.591,7.088
12/13/17,6.795,7.145
12/14/17,6.383,7.245
12/15/17,7.013,7.41
12/16/17,6.989,7.455
12/17/17,7.169,7.663
12/18/17,7.161,7.548
12/19/17,7.337,7.425
12/20/17,7.345,7.393
12/21/17,7.691,7.168
12/22/17,7.54,7.131
12/23/17,7.812,7.192
12/24/17,7.803,7.376
12/25/17,7.687,7.458
12/26/17,7.796,7.365
12/27/17,7.55,7.162
12/28/17,7.441,7.117
12/29/17,7.495,7.105
12/30/17,7.044,6.721
12/31/17,6.418,6.851
1/1/18,6.332,6.511
1/2/18,6.312,6.531
1/3/18,6.37,6.524
1/4/18,6.265,6.394
1/5/18,6.597,6.555
1/6/18,6.636,6.309
1/7/18,7.527,6.626
1/8/18,7.43,6.661
1/9/18,6.969,6.692
1/10/18,7.007,6.817
1/11/18,7.174,6.945
1/12/18,6.971,7.037
1/13/18,6.869,6.745
1/14/18,6.621,6.72
1/15/18,7.233,6.817
1/16/18,7.191,6.93
1/17/18,7.066,7.253
1/18/18,7.062,7.244
1/19/18,7.046,7.207
1/20/18,6.702,7.093
1/21/18,6.44,7.19
1/22/18,4.659,6.814
1/23/18,4.897,6.674
1/24/18,4.854,6.705
1/25/18,5.437,6.708
1/26/18,5.361,6.518
1/27/18,5.505,6.66
1/28/18,5.522,6.721
1/29/18,5.677,6.724
1/30/18,6.178,6.64
1/31/18,6.291,6.897
2/1/18,6.097,6.594
2/2/18,6.083,6.476
2/3/18,6.039,6.514
2/4/18,6.182,6.468
2/5/18,6.348,6.328
2/6/18,6.337,6.387
2/7/18,6.574,6.422
2/8/18,6.544,6.402
2/9/18,6.351,6.274
2/10/18,6.4,6.371
2/11/18,6.27,6.076
2/12/18,6.342,6.016
2/13/18,6.594,6.037
2/14/18,6,5.927
2/15/18,5.986,5.708
2/16/18,6.577,5.566
2/17/18,6.624,5.631
2/18/18,6.39,5.539
2/19/18,5.987,5.485
2/20/18,6.007,5.634
2/21/18,5.998,5.97
2/22/18,6.032,5.889
2/23/18,5.909,5.686
2/24/18,5.389,5.647
2/25/18,5.557,5.552
2/26/18,5.237,5.443
2/27/18,5.395,5.37
2/28/18,4.976,5.166
3/1/18,4.886,4.86
3/2/18,4.892,4.652
3/3/18,5.034,4.728
3/4/18,5.034,4.703
3/5/18,4.693,4.615
3/6/18,4.65,4.547
3/7/18,4.607,4.562
3/8/18,4.818,4.118
3/9/18,4.777,4.175
3/10/18,4.664,4.228
3/11/18,4.612,4.045
3/12/18,4.423,4.01
3/13/18,4.406,4.023
3/14/18,4.33,4.075
3/15/18,4.295,4.033
3/16/18,4.303,4.103
3/17/18,4.563,4.221
3/18/18,4.422,4.216
3/19/18,4.331,4.165
3/20/18,4.592,4.283
3/21/18,4.586,4.288
3/22/18,4.552,4.215
3/23/18,4.334,4.201
3/24/18,4.217,4.076
3/25/18,4.261,3.981
3/26/18,4.333,4.141
3/27/18,4.502,4.076
3/28/18,4.498,4.167
3/29/18,4.402,4.129
3/30/18,4.584,4.3
3/31/18,4.76,4.442
4/1/18,4.539,4.529
4/2/18,4.95,4.674
4/3/18,5.174,4.749
4/4/18,5.166,4.841
4/5/18,5.561,4.844
4/6/18,4.781,4.857
4/7/18,4.806,4.924
4/8/18,5.067,5.046
4/9/18,5.149,5.267
4/10/18,5.188,5.304
4/11/18,5.104,5.442
4/12/18,5.109,5.332
4/13/18,4.889,5.385
4/14/18,4.862,5.314
4/15/18,4.375,5.164
4/16/18,4.135,5.093
4/17/18,3.825,4.967
4/18/18,3.943,4.88
4/19/18,3.946,4.846
4/20/18,3.813,4.907
4/21/18,3.999,5.044
4/22/18,4.066,5.169
4/23/18,4.072,5.12
4/24/18,4.28,5.118
4/25/18,4.204,5.19
4/26/18,4.321,5.323
4/27/18,4.321,5.357
4/28/18,4.359,5.378
4/29/18,4.582,5.378
4/30/18,4.907,5.48
5/1/18,5.046,5.561
5/2/18,5.103,5.578
5/3/18,5.333,5.733
5/4/18,5.212,5.627
5/5/18,5.518,5.58
5/6/18,5.298,5.479
5/7/18,5.483,5.401
5/8/18,5.199,5.349
5/9/18,4.897,5.286
5/10/18,4.888,5.137
5/11/18,4.689,4.906
5/12/18,4.614,5.061
5/13/18,4.683,5.204
5/14/18,4.438,5.24
5/15/18,4.775,5.215
5/16/18,4.781,5.179
5/17/18,4.993,5.243
5/18/18,4.704,5.165
5/19/18,4.839,5.17
5/20/18,4.838,5.263
5/21/18,4.978,5.234
5/22/18,4.912,5.318
5/23/18,5.133,5.378
5/24/18,4.999,5.31
5/25/18,4.961,5.319
5/26/18,4.97,5.379
5/27/18,4.974,5.238
5/28/18,4.94,5.098
5/29/18,5.047,5.124
5/30/18,4.824,5.143
5/31/18,4.691,5.17
6/1/18,4.419,5.033
6/2/18,4.304,4.976
6/3/18,4.165,5.06
6/4/18,4.06,4.954
6/5/18,4.036,4.922
6/6/18,4.028,4.832
6/7/18,4.009,4.809
6/8/18,4.062,4.933
6/9/18,3.82,4.829
6/10/18,3.78,4.816
6/11/18,3.785,4.813
6/12/18,3.776,4.757
6/13/18,3.565,4.655
6/14/18,3.567,4.59
6/15/18,3.45,4.512
6/16/18,3.556,4.529
6/17/18,3.532,4.6
6/18/18,3.785,4.554
6/19/18,3.824,4.544
6/20/18,3.787,4.602
6/21/18,3.779,4.574
6/22/18,3.778,4.572
6/23/18,3.771,4.554
6/24/18,3.977,4.624
6/25/18,4.122,4.68
6/26/18,4.258,4.736
6/27/18,4.365,4.784
6/28/18,4.743,4.848
6/29/18,4.935,4.956
6/30/18,5.063,5.023
7/1/18,5.267,5.012
7/2/18,5.056,4.976
7/3/18,5.084,4.976
7/4/18,5.187,4.948
7/5/18,5.307,4.922
7/6/18,5.366,4.91
7/7/18,5.324,4.92
7/8/18,5.451,4.874
7/9/18,5.381,4.902
7/10/18,5.566,4.874
7/11/18,5.195,4.834
7/12/18,5.202,4.874
7/13/18,4.931,5.041
7/14/18,4.747,4.976
7/15/18,4.578,5.086
7/16/18,4.622,5.149
7/17/18,4.753,5.204
7/18/18,4.71,5.229
7/19/18,4.578,5.291
7/20/18,4.332,5.275
7/21/18,4.28,5.438
7/22/18,4.303,5.508
7/23/18,4.301,5.656
7/24/18,4.287,5.661
7/25/18,4.234,5.718
7/26/18,4.306,5.829
7/27/18,4.444,5.898
7/28/18,4.633,5.82
7/29/18,4.871,5.945
7/30/18,4.883,5.94
7/31/18,4.857,6.057
8/1/18,4.814,6.116
8/2/18,4.874,6.121
8/3/18,4.853,6.099
8/4/18,5.142,6.138
8/5/18,5.116,6.03
8/6/18,5.043,5.998
8/7/18,5.113,5.945
8/8/18,5.145,5.986
8/9/18,5.265,5.956
8/10/18,5.195,5.87
8/11/18,5.074,5.83
8/12/18,5.006,5.798
8/13/18,4.816,5.776
8/14/18,4.817,5.83
8/15/18,4.84,5.682
8/16/18,4.846,5.65
8/17/18,4.804,5.658
8/18/18,4.817,5.743
8/19/18,4.848,5.875
8/20/18,4.906,5.929
8/21/18,4.958,5.892
8/22/18,4.972,5.928
8/23/18,5.017,5.972
8/24/18,5.09,6.148
8/25/18,5.155,6.195
8/26/18,5.154,6.201
8/27/18,5.06,6.19
8/28/18,4.816,6.061
8/29/18,4.843,5.877
8/30/18,4.854,5.839
8/31/18,4.899,5.832
9/1/18,4.985,5.749
9/2/18,5.083,5.691
9/3/18,5.101,5.594
9/4/18,5.542,5.689
9/5/18,5.688,5.769
9/6/18,5.426,5.642
9/7/18,5.414,5.676
9/8/18,5.558,5.595
9/9/18,5.491,5.582
9/10/18,5.52,5.624
9/11/18,5.392,5.624
9/12/18,5.771,5.641
9/13/18,5.398,5.654
9/14/18,5.425,5.754
9/15/18,5.455,5.827
9/16/18,5.716,5.97
9/17/18,5.649,5.883
9/18/18,5.552,5.867
9/19/18,5.01,5.784
9/20/18,5.374,5.804
9/21/18,5.663,5.854
9/22/18,5.6,5.683
9/23/18,5.37,5.566
9/24/18,5.443,5.412
9/25/18,5.763,5.445
9/26/18,5.958,5.311
9/27/18,5.725,5.316
9/28/18,6.286,5.305
9/29/18,5.788,5.199
9/30/18,5.83,5.042
10/1/18,5.552,4.99
10/2/18,5.557,4.968
10/3/18,5.659,5.104
10/4/18,5.738,5.077
10/5/18,5.447,4.849
10/6/18,5.179,4.78
10/7/18,5.085,4.813
10/8/18,4.836,4.796
10/9/18,5.018,4.917
10/10/18,4.598,4.729
10/11/18,4.766,4.826
10/12/18,4.921,4.894
10/13/18,4.882,4.981
10/14/18,5.148,5.02
10/15/18,4.779,5.04
10/16/18,4.832,4.97
10/17/18,4.761,4.993
10/18/18,4.985,4.892
10/19/18,4.795,4.851
10/20/18,4.795,4.972
10/21/18,5.069,5.03
10/22/18,4.826,4.968
10/23/18,5.116,4.847
10/24/18,4.945,4.767
10/25/18,5.01,4.725
10/26/18,4.833,4.668
10/27/18,4.849,4.554
10/28/18,4.896,4.428
10/29/18,4.802,4.369
10/30/18,5.155,4.4
10/31/18,5.005,4.523
11/1/18,5,4.426
11/2/18,4.767,4.429
11/3/18,4.785,4.282
11/4/18,4.785,4.266
11/5/18,4.842,4.231
11/6/18,5.049,4.207
11/7/18,5.049,4.343
11/8/18,4.949,4.266
11/9/18,4.398,4.374
11/10/18,4.308,4.388
11/11/18,4.282,4.465
11/12/18,4.282,4.519
11/13/18,4.382,4.485
11/14/18,4.474,4.497
11/15/18,4.341,4.546
11/16/18,4.318,4.589
11/17/18,4.286,4.558
11/18/18,4.208,4.66
11/19/18,4.326,4.715
11/20/18,4.095,4.849
11/21/18,4.232,4.906
11/22/18,4.232,4.826
11/23/18,4.632,4.986
11/24/18,5.122,5.106
11/25/18,5.883,5.184
11/26/18,5.892,5.1
11/27/18,5.892,5.155
11/28/18,6.379,5.362
11/29/18,6.709,5.527
11/30/18,6.575,5.572
12/1/18,6.575,5.63
12/2/18,6.705,5.667
12/3/18,6.709,5.735
12/4/18,6.984,5.954
12/5/18,7.402,6.077
12/6/18,7.678,6.368
12/7/18,7.603,6.696
12/8/18,7.588,6.705
12/9/18,7.01,6.692
12/10/18,7.017,6.695
12/11/18,6.931,6.797
12/12/18,7.062,7.088
12/13/18,6.83,7.145
12/14/18,6.451,7.245
12/15/18,6.516,7.41
12/16/18,6.26,7.455
12/17/18,6.248,7.663
12/18/18,5.947,7.548
12/19/18,5.923,7.425
12/20/18,5.605,7.393
12/21/18,5.598,7.168
12/22/18,5.44,7.131
12/23/18,5.44,7.192
12/24/18,5.326,7.376
12/25/18,5.309,7.458
12/26/18,5.088,7.365
12/27/18,4.671,7.162
12/28/18,4.695,7.117
12/29/18,4.942,7.105
12/30/18,4.993,6.721
12/31/18,5.089,6.851
1/1/19,5.089,6.511
1/2/19,5.167,6.531
1/3/19,5.446,6.524
1/4/19,5.239,6.394
1/5/19,5.18,6.555
1/6/19,5.161,6.309
1/7/19,5.161,6.626
1/8/19,5.011,6.661
1/9/19,5.039,6.692
1/10/19,5.019,6.817
1/11/19,5.019,6.945
1/12/19,6.392,7.037
1/13/19,6.549,6.745
1/14/19,6.735,6.72
1/15/19,7.08,6.817
1/16/19,7.08,6.93
1/17/19,7.039,7.253
1/18/19,7.496,7.244
1/19/19,6.64,7.207
1/20/19,6.64,7.093
1/21/19,6.657,7.19
1/22/19,6.497,6.814
1/23/19,6.662,6.674
1/24/19,7.078,6.705
1/25/19,7.095,6.708
1/26/19,6.978,6.518
1/27/19,6.441,6.66
1/28/19,6.343,6.721
1/29/19,6.412,6.724
1/30/19,6.07,6.64
1/31/19,6.625,6.897
2/1/19,6.646,6.594
2/2/19,6.646,6.476
2/3/19,7.566,6.514
2/4/19,7.204,6.468
2/5/19,6.983,6.328
2/6/19,7.226,6.387
2/7/19,7.271,6.422
2/8/19,6.756,6.402
2/9/19,6.46,6.274
2/10/19,6.596,6.371
2/11/19,6.275,6.076
2/12/19,6.163,6.016
2/13/19,6.026,6.037
2/14/19,6.411,5.927
2/15/19,5.839,5.708
2/16/19,5.67,5.566
2/17/19,5.67,5.631
2/18/19,5.377,5.539
2/19/19,5.533,5.485
2/20/19,5.65,5.634
2/21/19,5.974,5.97
2/22/19,5.888,5.889
2/23/19,5.765,5.686
2/24/19,5.885,5.647
2/25/19,6.07,5.552
2/26/19,6.262,5.443
2/27/19,5.881,5.37
2/28/19,5.822,5.166
3/1/19,4.349,4.86
3/2/19,4.311,4.652
3/3/19,4.324,4.728
3/4/19,4.8,4.703
3/5/19,5.051,4.615
3/6/19,5.464,4.547
3/7/19,5.464,4.562
3/8/19,4.391,4.118
3/9/19,4.574,4.175
3/10/19,4.588,4.228
3/11/19,4.535,4.045
3/12/19,4.228,4.01
3/13/19,4.385,4.023
3/14/19,4.457,4.075
3/15/19,4.204,4.033
3/16/19,4.63,4.103
3/17/19,4.461,4.221
3/18/19,4.461,4.216
3/19/19,4.011,4.165
3/20/19,4.348,4.283
3/21/19,3.846,4.288
3/22/19,3.701,4.215
3/23/19,4.281,4.201
3/24/19,3.979,4.076
3/25/19,3.736,3.981
3/26/19,3.723,4.141
3/27/19,3.693,4.076
3/28/19,3.661,4.167
3/29/19,3.694,4.129
3/30/19,3.896,4.3
3/31/19,4.344,4.442
4/1/19,4.681,4.529
4/2/19,4.681,4.674
4/3/19,4.629,4.749
4/4/19,4.26,4.841
4/5/19,4.024,4.844
4/6/19,4.274,4.857
4/7/19,4.128,4.924
4/8/19,4.128,5.046
4/9/19,4.933,5.267
4/10/19,4.928,5.304
4/11/19,4.964,5.442
4/12/19,4.717,5.332
4/13/19,4.826,5.385
4/14/19,4.687,5.314
4/15/19,4.46,5.164
4/16/19,4.511,5.093
4/17/19,4.511,4.967
4/18/19,4.433,4.88
4/19/19,4.361,4.846
4/20/19,4.842,4.907
4/21/19,4.834,5.044
4/22/19,4.963,5.169
4/23/19,5.081,5.12
4/24/19,4.813,5.118
4/25/19,5.239,5.19
4/26/19,5.347,5.323
4/27/19,5.481,5.357
4/28/19,5.436,5.378
4/29/19,5.54,5.378
4/30/19,5.595,5.48
5/1/19,5.798,5.561
5/2/19,5.793,5.578
5/3/19,6.319,5.733
5/4/19,5.738,5.627
5/5/19,5.368,5.58
5/6/19,5.39,5.479
5/7/19,5.31,5.401
5/8/19,5.187,5.349
5/9/19,5.495,5.286
5/10/19,5.034,5.137
5/11/19,4.422,4.906
5/12/19,4.449,5.061
5/13/19,4.527,5.204
5/14/19,4.658,5.24
5/15/19,4.541,5.215
5/16/19,4.504,5.179
5/17/19,4.501,5.243
5/18/19,4.562,5.165
5/19/19,4.843,5.17
5/20/19,5.243,5.263
5/21/19,5.25,5.234
5/22/19,5.615,5.318
5/23/19,5.552,5.378
5/24/19,5.324,5.31
5/25/19,5.238,5.319
5/26/19,5.779,5.379
5/27/19,5.67,5.238
5/28/19,5.707,5.098
5/29/19,5.662,5.124
5/30/19,5.763,5.143
5/31/19,6.058,5.17
6/1/19,6.119,5.033
6/2/19,6.386,4.976
6/3/19,6.407,5.06
6/4/19,6.205,4.954
6/5/19,5.894,4.922
6/6/19,5.532,4.832
6/7/19,5.595,4.809
6/8/19,5.74,4.933
6/9/19,5.871,4.829
6/10/19,5.752,4.816
6/11/19,5.931,4.813
6/12/19,5.356,4.757
6/13/19,5.254,4.655
6/14/19,5.125,4.59
6/15/19,4.936,4.512
6/16/19,4.791,4.529
6/17/19,4.836,4.6
6/18/19,4.504,4.554
6/19/19,4.637,4.544
6/20/19,4.702,4.602
6/21/19,4.739,4.574
6/22/19,4.798,4.572
6/23/19,4.711,4.554
6/24/19,4.699,4.624
6/25/19,4.73,4.68
6/26/19,4.679,4.736
6/27/19,5.023,4.784
6/28/19,4.805,4.848
6/29/19,4.774,4.956
6/30/19,4.747,5.023
7/1/19,4.808,5.012
7/2/19,4.756,4.976
7/3/19,4.881,4.976
7/4/19,4.791,4.948
7/5/19,4.71,4.922
7/6/19,4.683,4.91
7/7/19,4.553,4.92
7/8/19,4.403,4.874
7/9/19,4.424,4.902
7/10/19,4.434,4.874
7/11/19,4.468,4.834
7/12/19,4.375,4.874
7/13/19,4.609,5.041
7/14/19,4.606,4.976
7/15/19,4.593,5.086
7/16/19,4.53,5.149
7/17/19,4.563,5.204
7/18/19,4.512,5.229
7/19/19,4.469,5.291
7/20/19,4.497,5.275
7/21/19,5.138,5.438
7/22/19,5.245,5.508
7/23/19,5.559,5.656
7/24/19,5.641,5.661
7/25/19,5.786,5.718
7/26/19,5.732,5.829
7/27/19,5.923,5.898
7/28/19,5.894,5.82
7/29/19,6.206,5.945
7/30/19,6.213,5.94
7/31/19,6.232,6.057
8/1/19,6.281,6.116
8/2/19,6.195,6.121
8/3/19,6.306,6.099
8/4/19,6.209,6.138
8/5/19,5.75,6.03
8/6/19,5.785,5.998
8/7/19,5.577,5.945
8/8/19,5.472,5.986
8/9/19,5.303,5.956
8/10/19,5.376,5.87
8/11/19,5.445,5.83
8/12/19,5.439,5.798
8/13/19,5.616,5.776
8/14/19,5.59,5.83
8/15/19,5.516,5.682
8/16/19,5.506,5.65
8/17/19,5.52,5.658
8/18/19,5.805,5.743
8/19/19,6.193,5.875
8/20/19,6.406,5.929
8/21/19,6.48,5.892
8/22/19,6.648,5.928
8/23/19,6.925,5.972
8/24/19,7.204,6.148
8/25/19,7.17,6.195
8/26/19,7.095,6.201
8/27/19,7.057,6.19
8/28/19,7.007,6.061
8/29/19,6.862,5.877
8/30/19,7.242,5.839
8/31/19,6.822,5.832
9/1/19,6.878,5.749
9/2/19,6.68,5.691
9/3/19,6.312,5.594
9/4/19,6.004,5.689
9/5/19,5.898,5.769
9/6/19,5.558,5.642
9/7/19,5.892,5.676
9/8/19,5.501,5.595
9/9/19,5.691,5.582
9/10/19,5.909,5.624
9/11/19,5.871,5.624
9/12/19,5.807,5.641
9/13/19,5.879,5.654
9/14/19,5.782,5.754
9/15/19,6.123,5.827
9/16/19,5.891,5.97
9/17/19,5.943,5.883
9/18/19,5.995,5.867
9/19/19,6.437,5.784
9/20/19,6.609,5.804
9/21/19,6.589,5.854
9/22/19,6.363,5.683
9/23/19,6.11,5.566
9/24/19,6.034,5.412
9/25/19,5.928,5.445
9/26/19,5.957,5.311
9/27/19,6.043,5.316
9/28/19,5.897,5.305
9/29/19,6.021,5.199
9/30/19,5.881,5.042
10/1/19,6.168,4.99
10/2/19,5.66,4.968
10/3/19,5.609,5.104
10/4/19,5.167,5.077
10/5/19,5.133,4.849
10/6/19,5.025,4.78
10/7/19,5.106,4.813
10/8/19,5.097,4.796
10/9/19,5.142,4.917
10/10/19,4.756,4.729
10/11/19,4.404,4.826
10/12/19,4.594,4.894
10/13/19,4.647,4.981
10/14/19,4.633,5.02
10/15/19,4.653,5.04
10/16/19,4.639,4.97
10/17/19,4.869,4.993
10/18/19,4.934,4.892
10/19/19,5.014,4.851
10/20/19,5.068,4.972
10/21/19,5.04,5.03
10/22/19,4.846,4.968
10/23/19,4.615,4.847
10/24/19,4.438,4.767
10/25/19,3.819,4.725
10/26/19,3.949,4.668
10/27/19,3.769,4.554
10/28/19,3.736,4.428
10/29/19,3.746,4.369
10/30/19,3.746,4.4
10/31/19,3.637,4.523
11/1/19,3.62,4.426
11/2/19,3.62,4.429
11/3/19,3.706,4.282
11/4/19,3.918,4.266
11/5/19,3.86,4.231
11/6/19,4.319,4.207
11/7/19,4.409,4.343
11/8/19,4.374,4.266
11/9/19,4.948,4.374
11/10/19,4.948,4.388
11/11/19,5.299,4.465
11/12/19,5.016,4.519
11/13/19,4.958,4.485
11/14/19,5.076,4.497
11/15/19,5.7,4.546
11/16/19,5.808,4.589
11/17/19,5.756,4.558
11/18/19,6.317,4.66
11/19/19,5.604,4.715
11/20/19,5.603,4.849
11/21/19,5.139,4.906
11/22/19,5,4.826
11/23/19,5.055,4.986
11/24/19,5.578,5.106
11/25/19,5.578,5.184
11/26/19,5.176,5.1
11/27/19,5.501,5.155
11/28/19,5.659,5.362
11/29/19,5.588,5.527
11/30/19,5.147,5.572
12/1/19,5.067,5.63
12/2/19,5.03,5.667
12/3/19,5.03,5.735
12/4/19,5.189,5.954
12/5/19,5.811,6.077
12/6/19,5.715,6.368
12/7/19,5.904,6.696
12/8/19,6.103,6.705
12/9/19,5.616,6.692
12/10/19,5.444,6.695
12/11/19,6.019,6.797
12/12/19,6.871,7.088
12/13/19,7.235,7.145
12/14/19,8.189,7.245
12/15/19,8.426,7.41
12/16/19,8.818,7.455
12/17/19,9.345,7.663
12/18/19,9.345,7.548
12/19/19,8.847,7.425
12/20/19,9.018,7.393
12/21/19,8.486,7.168
12/22/19,8.566,7.131
12/23/19,8.494,7.192
12/24/19,8.548,7.376
12/25/19,8.934,7.458
12/26/19,9.079,7.365
12/27/19,9.024,7.162
12/28/19,8.98,7.117
12/29/19,8.495,7.105
12/30/19,7.68,6.721
12/31/19,8.013,6.851
1/1/20,7.312,6.511
1/2/20,7.337,6.531
1/3/20,7.747,6.524
1/4/20,7.221,6.394
1/5/20,7.685,6.555
1/6/20,7.247,6.309
1/7/20,7.197,6.626
1/8/20,7.007,6.661
1/9/20,7.847,6.692
1/10/20,7.556,6.817
1/11/20,7.556,6.945
1/12/20,7.589,7.037
1/13/20,7.199,6.745
1/14/20,7.396,6.72
1/15/20,6.342,6.817
1/16/20,6.267,6.93
1/17/20,6.157,7.253
1/18/20,6.158,7.244
1/19/20,6.504,7.207
1/20/20,6.389,7.093
1/21/20,6.348,7.19
1/22/20,6.627,6.814
1/23/20,6.624,6.674
1/24/20,5.644,6.705
1/25/20,5.564,6.708
1/26/20,5.564,6.518
1/27/20,5.802,6.66
1/28/20,5.787,6.721
1/29/20,6.635,6.724
1/30/20,7.388,6.64
1/31/20,7.124,6.897
2/1/20,7.272,6.594
2/2/20,7.297,6.476
2/3/20,7.3,6.514
2/4/20,7.513,6.468
2/5/20,7.384,6.328
2/6/20,7.277,6.387
2/7/20,7.184,6.422
2/8/20,7.276,6.402
2/9/20,7.453,6.274
2/10/20,7.475,6.371
2/11/20,7.421,6.076
2/12/20,7.274,6.016
2/13/20,6.744,6.037
2/14/20,6.382,5.927
2/15/20,6.558,5.708
2/16/20,6.269,5.566
2/17/20,6.246,5.631
2/18/20,6.159,5.539
2/19/20,5.974,5.485
2/20/20,5.949,5.634
2/21/20,5.829,5.97
2/22/20,5.573,5.889
2/23/20,5.034,5.686
2/24/20,4.969,5.647
2/25/20,4.821,5.552
2/26/20,4.744,5.443
2/27/20,4.689,5.37
2/28/20,4.773,5.166
2/29/20,4.702,4.86
3/1/20,4.557,4.652
3/2/20,4.177,4.728
3/3/20,4.298,4.703
3/4/20,4.658,4.615
3/5/20,4.737,4.547
3/6/20,4.703,4.562
3/7/20,4.71,4.118
3/8/20,4.569,4.175
3/9/20,4.808,4.228
3/10/20,4.783,4.045
3/11/20,4.75,4.01
3/12/20,4.834,4.023
3/13/20,4.682,4.075
3/14/20,4.583,4.033
3/15/20,4.416,4.103
3/16/20,4.536,4.221
3/17/20,4.629,4.216
3/18/20,4.486,4.165
3/19/20,3.941,4.283
3/20/20,3.843,4.288
3/21/20,3.814,4.215
3/22/20,3.748,4.201
3/23/20,3.858,4.076
3/24/20,4.023,3.981
3/25/20,3.895,4.141
3/26/20,3.965,4.076
3/27/20,3.876,4.167
3/28/20,4.058,4.129
3/29/20,4.174,4.3
3/30/20,4.567,4.442
3/31/20,4.638,4.529
4/1/20,4.557,4.674
4/2/20,4.522,4.749
4/3/20,4.617,4.841
4/4/20,4.559,4.844
4/5/20,4.476,4.857
4/6/20,4.616,4.924
4/7/20,4.674,5.046
4/8/20,4.603,5.267
4/9/20,4.612,5.304
4/10/20,4.742,5.442
4/11/20,4.824,5.332
4/12/20,4.828,5.385
4/13/20,4.78,5.314
4/14/20,4.461,5.164
4/15/20,4.545,5.093
4/16/20,4.435,4.967
4/17/20,4.473,4.88
4/18/20,4.274,4.846
4/19/20,4.406,4.907
4/20/20,4.422,5.044
4/21/20,4.476,5.169
4/22/20,4.323,5.12
4/23/20,4.281,5.118
4/24/20,4.235,5.19
4/25/20,4.091,5.323
4/26/20,4.134,5.357
4/27/20,4.224,5.378
4/28/20,4.169,5.378
4/29/20,4.192,5.48
4/30/20,4.091,5.561
5/1/20,4.207,5.578
5/2/20,4.207,5.733
5/3/20,4.352,5.627
5/4/20,4.248,5.58
5/5/20,4.276,5.479
5/6/20,4.23,5.401
5/7/20,4.294,5.349
5/8/20,4.422,5.286
5/9/20,4.515,5.137
5/10/20,4.666,4.906
5/11/20,4.7,5.061
5/12/20,4.69,5.204
5/13/20,4.775,5.24
5/14/20,4.772,5.215
5/15/20,4.891,5.179
5/16/20,4.862,5.243
5/17/20,4.932,5.165
5/18/20,4.903,5.17
5/19/20,5.123,5.263
5/20/20,4.95,5.234
5/21/20,5.041,5.318
5/22/20,4.984,5.378
5/23/20,4.881,5.31
5/24/20,4.79,5.319
5/25/20,4.808,5.379
5/26/20,4.786,5.238
5/27/20,4.721,5.098
5/28/20,4.634,5.124
5/29/20,4.305,5.143
5/30/20,4.125,5.17
5/31/20,4.086,5.033
6/1/20,4.014,4.976
6/2/20,4.341,5.06
6/3/20,4.452,4.954
6/4/20,4.524,4.922
6/5/20,4.543,4.832
6/6/20,4.535,4.809
6/7/20,4.611,4.933
6/8/20,4.739,4.829
6/9/20,4.953,4.816
6/10/20,4.896,4.813
6/11/20,4.974,4.757
6/12/20,4.99,4.655
6/13/20,5.447,4.59
6/14/20,5.389,4.512
6/15/20,5.415,4.529
6/16/20,5.444,4.6
6/17/20,5.22,4.554
6/18/20,5.191,4.544
6/19/20,5.141,4.602
6/20/20,5.252,4.574
6/21/20,5.158,4.572
6/22/20,5.247,4.554
6/23/20,5.792,4.624
6/24/20,5.725,4.68
6/25/20,6.052,4.736
6/26/20,6.08,4.784
6/27/20,6.153,4.848
6/28/20,5.96,4.956
6/29/20,6.169,5.023
6/30/20,6.184,5.012
7/1/20,6.294,4.976
7/2/20,6.21,4.976
7/3/20,6.308,4.948
7/4/20,6.406,4.922
7/5/20,6.305,4.91
7/6/20,6.616,4.92
7/7/20,6.661,4.874
7/8/20,6.282,4.902
7/9/20,5.978,4.874
7/10/20,5.789,4.834
7/11/20,5.743,4.874
7/12/20,5.806,5.041
7/13/20,5.97,4.976
7/14/20,5.897,5.086
7/15/20,5.928,5.149
7/16/20,5.437,5.204
7/17/20,5.384,5.229
7/18/20,5.185,5.291
7/19/20,5.103,5.275
7/20/20,5.194,5.438
7/21/20,5.147,5.508
7/22/20,4.805,5.656
7/23/20,4.9,5.661
7/24/20,4.876,5.718
7/25/20,5.082,5.829
7/26/20,5.023,5.898
7/27/20,5.095,5.82
7/28/20,5.094,5.945
7/29/20,5.106,5.94
7/30/20,5.173,6.057
7/31/20,5.504,6.116
8/1/20,5.629,6.121
8/2/20,5.766,6.099
8/3/20,5.856,6.138
8/4/20,5.765,6.03
8/5/20,5.83,5.998
8/6/20,5.785,5.945
8/7/20,5.866,5.986
8/8/20,5.671,5.956
8/9/20,5.546,5.87
8/10/20,5.669,5.83
8/11/20,5.518,5.798